produto;desconto;preco
Sandália Midi Coração Couro Italiano Fucsia;231.84;289.8
Sandália Midi Coração Couro Parafinado Caramelo;231.84;289.8
Sandália Midi Wonder Vegan New Mest Off White;188.37;289.8
Sandália Princess Wonder Couro Italiano Branco;188.37;289.8
Sandália Dance Coração Couro Italiano Candy Rosa;231.84;289.8
Sandália Dance Coração Couro Italiano Sorbet;231.84;289.8
Sandália Princess Papillon Vegan Gliter e New Mest Rosa;155.88;259.8
Sandália Princess Papillon Vegan Gliter e Metal Prata;255.84;319.8
Sandália Mori Tramê Rasteira Couro Floater Preto;179.88;299.8
Sandália Rasteira Mori Tramê Couro Caseína Candy Rosa;179.88;299.8
Sandália Mori Tramê Rasteira Couro Parafinado Caramelo;239.84;299.8
Sandália Rasteira Mori Tramê Couro Est Café;239.84;299.8
Sandália Rasteira Mori Tramê Couro Arizona Ambar;179.88;299.8
Sandália Média Bessie Couro Arizona Preto;194.87;299.8
Sandália Villain Lori Couro Italiano Fucsia;194.87;299.8
Sandália Villain Lori Couro Italiano Scarlet;194.87;299.8
Sandália Villain Boop Flor Couro Arizona Rosa Quartzo;247.84;309.8
Sandália Villain Boop Flor Couro Off White;194.87;299.8
Sandália Meia Pata Boop Bloom Couro Italiano Branco com Off White;194.87;299.8
Sandália Princess Boop Flor Couro Arizona Preto;231.84;289.8
Sandália Meia Pata Borbo Vegan Mix Prata;215.84;269.8
Sandália Villain Borbo Vegan Verniz Preto;215.84;269.8
Sandália Princess Borbo Vegan Mix Ouro;207.84;259.8
Sandália Dance Borbo Vegan Reflexo Rosa;207.84;259.8
Sandália Meia Pata Lori Vegan Verniz Preto;185.88;309.8
Sandália Meia Pata Lori Couro Italiano Branco;185.88;309.8
Sandália Meia Pata Lori Couro Caseína Scarlet;185.88;309.8
Sandália Midi Lori Couro Italiano Preto;173.88;289.8
Sandália Midi Lori Couro Italiano Branco;173.88;289.8
Sandália Midi Lori Couro Arizona Linhaça;173.88;289.8
